time,latitude,longitude,depth,mag,magType,nst,gap,dmin,rms,net,id,updated,place,type,horizontalError,depthError,magError,magNst,status,locationSource,magSource,x,y,z,cluster
2026-01-18T11:42:30.980Z,33.1443333333333,-115.961666666667,7.68,2.77,ml,77,21,0.03205,0.24,ci,ci41161079,2026-01-18T23:27:52.442Z,"16 km E of Ocotillo Wells, CA",earthquake,0.16,0.5,0.166944292925585,24,automatic,ci,ci,-23349.62639996133,-47955.2327886631,34829.24300856624,0
2026-01-15T15:28:29.180Z,31.8813333333333,-116.227,15.67,2.81,ml,17,87,0.1115,0.24,ci,ci41158759,2026-01-15T16:42:45.040Z,"37 km ENE of Maneadero, B.C., MX",earthquake,0.43,0.93,0.152066531340546,10,reviewed,ci,ci,-23901.99514921844,-48517.5401525264,33640.906640333385,0
2026-01-15T09:54:39.470Z,32.7908333333333,-115.453166666667,16.24,4.09124691000224,mw,60,35,0.01541,0.26,ci,ci41158263,2026-01-19T00:51:08.379Z,"7 km WSW of Holtville, CA",earthquake,0.21,0.49,,10,reviewed,ci,ci,-23011.933058074388,-48347.18369939711,34494.8666935394,0
2026-01-15T09:40:11.560Z,32.7935,-115.4555,15.5,3.41,ml,59,35,0.01388,0.26,ci,ci41158239,2026-01-16T01:43:22.614Z,"7 km WSW of Holtville, CA",earthquake,0.22,0.37,0.15896245731527,143,reviewed,ci,ci,-23013.479246876068,-48345.358530717924,34497.75951768381,0
2026-01-14T00:56:15.200Z,33.5546666666667,-115.903666666667,2.64,3.14,ml,70,35,0.03524,0.18,ci,ci41157143,2026-01-15T00:24:29.694Z,"4 km NE of North Shore, CA",earthquake,0.14,0.23,0.126479332349333,172,reviewed,ci,ci,-23193.339829122837,-47757.019849363045,35213.11915817694,0
2026-01-13T22:42:02.710Z,33.555,-115.901833333333,3.13,2.59,ml,57,50,0.03677,0.18,ci,ci41157023,2026-01-14T15:30:22.186Z,"5 km NE of North Shore, CA",earthquake,0.13,0.21,0.159580006829601,100,reviewed,ci,ci,-23191.54383484858,-47757.21035216101,35213.15718779902,0
2026-01-12T05:02:06.450Z,31.5586666666667,-115.678333333333,5.11,2.9,ml,17,120,0.4482,0.19,ci,ci41155903,2026-01-12T15:23:01.303Z,"86 km ESE of Maneadero, B.C., MX",earthquake,0.2,1.63,0.159274086443447,15,reviewed,ci,ci,-23521.920485693285,-48922.27618490858,33341.31310348093,0
2026-01-11T23:54:22.580Z,31.5373333333333,-115.6975,-0.28,4.11,ml,29,124,0.4679,0.34,ci,ci41155815,2026-01-14T09:10:50.038Z,"85 km ESE of Maneadero, B.C., MX",earthquake,0.27,1.46,0.139549438292614,21,reviewed,ci,ci,-23545.658134390203,-48929.72739631975,33323.918401332405,0
2026-01-11T08:12:51.990Z,32.7533333333333,-115.806666666667,11.58,2.69,ml,61,50,0.1172,0.27,ci,ci41155503,2026-01-14T06:20:01.040Z,"18 km E of Ocotillo, CA",earthquake,0.23,0.45,0.180593548730149,107,reviewed,ci,ci,-23321.31232100692,-48228.12991768392,34462.33577059819,0
2026-01-07T05:22:22.810Z,31.5158333333333,-115.6655,-0.25,3.37,ml,13,191,0.4915,0.27,ci,ci41153359,2026-01-07T21:25:51.094Z,"88 km ESE of Maneadero, B.C., MX",earthquake,0.68,1.73,0.162542614056385,93,reviewed,ci,ci,-23523.73018942003,-48954.11456801444,33303.524436605585,0
2026-01-02T02:31:41.290Z,32.3981666666667,-115.229666666667,11.84,2.99,ml,31,54,0.06718,0.29,ci,ci41150823,2026-01-08T21:55:55.040Z,"6 km NW of Delta, B.C., MX",earthquake,0.43,0.79,0.144198293913507,77,reviewed,ci,ci,-22924.978946309573,-48652.65550858963,34129.459996597754,0
2025-12-30T11:02:39.118Z,31.461,-114.0618,5.655,2.9,ml,21,235,1.147,1.03,us,us7000rli0,2025-12-30T12:05:13.040Z,"48 km ESE of Golfo de Santa Clara, Mexico",earthquake,5.38,7.596,0.042,74,reviewed,us,us,-22155.408173902466,-49617.76006149929,33248.44879097802,0
2025-12-20T06:42:13.720Z,31.5158333333333,-115.628833333333,3.85,2.87,ml,12,127,0.4946,0.24,ci,ci41143527,2026-01-17T07:16:17.040Z,"90 km SSW of Alberto Oviedo Mota, B.C., MX",earthquake,0.38,2.34,0.161905763184906,29,reviewed,ci,ci,-23490.88516402501,-48966.00729525431,33301.381226522586,0
2025-12-19T14:52:54.010Z,33.4741666666667,-116.490166666667,12.99,3.23,ml,114,28,0.09584,0.22,ci,ci41142815,2025-12-20T15:08:29.722Z,"19 km ESE of Anza, CA",earthquake,0.13,0.32,0.161446697606836,14,reviewed,ci,ci,-23699.167445704185,-47553.61270950943,35132.7833169329,0
2025-12-16T21:38:31.427Z,32.9407,-119.9107,10.0,3.4,ml,163,235,0.446,0.57,us,us6000rvch,2026-01-13T01:50:45.821Z,"149 km SSW of Channel Islands Beach, California",earthquake,3.18,1.992,0.034,114,reviewed,us,us,-26657.406826353188,-46338.62370933382,34638.19588285545,0
2025-12-14T20:08:18.620Z,31.5955,-115.587833333333,7.5,3.39,ml,27,89,0.2636,0.18,ci,ci41351808,2026-01-05T16:42:53.040Z,"81 km SSW of Alberto Oviedo Mota, B.C., MX",earthquake,0.17,1.67,0.222724637761991,126,reviewed,ci,ci,-23434.476078745196,-48938.19061995945,33374.95072669369,0
2025-12-11T20:38:00.900Z,31.5566666666667,-115.674333333333,9.4,2.94,ml,16,121,0.4504,0.16,ci,ci41349800,2026-01-09T17:12:58.040Z,"86 km ESE of Maneadero, B.C., MX",earthquake,0.24,31.61,0.135268204615606,72,reviewed,ci,ci,-23517.425419382587,-48921.67240957351,33337.1731053212,0
2025-12-11T01:05:58.280Z,31.9201666666667,-115.777666666667,-0.05,2.54,ml,10,202,0.1052,0.08,ci,ci41137063,2025-12-12T19:15:50.621Z,"67 km WSW of Alberto Oviedo Mota, B.C., MX",earthquake,0.95,0.38,0.165641087375556,27,automatic,ci,ci,-23516.654254289795,-48694.966097236356,33685.86826067714,0
2025-12-09T08:01:17.400Z,33.2353333333333,-116.407,1.88,3.17,ml,112,14,0.03387,0.18,ci,ci41135767,2025-12-13T14:40:38.074Z,"4 km SW of Borrego Springs, CA",earthquake,0.1,0.25,0.202236221582423,173,reviewed,ci,ci,-23699.17646961599,-47727.03962868841,34917.09147220034,0
2025-12-07T20:36:39.100Z,33.385,-117.614333333333,13.44,3.1,ml,111,97,0.02874,0.2,ci,ci41134895,2025-12-26T16:37:05.040Z,"5 km S of San Clemente, CA",earthquake,0.16,0.36,0.177078672990969,239,reviewed,ci,ci,-24652.70651862798,-47127.55960726933,35049.8065986572,0
2025-12-06T05:03:10.780Z,31.9535,-117.3255,10.34,2.71,ml,12,256,0.4652,0.12,ci,ci41133871,2025-12-23T14:05:58.040Z,"49 km SW of Primo Tapia, B.C., MX",earthquake,0.54,1.33,0.182197248389421,58,reviewed,ci,ci,-24810.350548793278,-48016.72735677085,33711.824093441275,0
2025-12-05T02:32:51.530Z,32.8853333333333,-118.011,3.81,2.54,ml,25,157,0.4605,0.27,ci,ci41132903,2025-12-25T05:43:31.040Z,"32 km ENE of San Clemente Is. (SE tip), CA",earthquake,0.51,1.55,0.173663596816608,23,reviewed,ci,ci,-25124.782118379662,-47230.965201160245,34589.881381508676,0
2025-12-02T14:35:28.710Z,31.8448333333333,-114.672333333333,18.91,2.57,ml,14,203,0.13,0.28,ci,ci41130895,2026-01-14T19:00:26.040Z,"50 km SE of Estacion Coahuila, B.C., MX",earthquake,0.83,0.94,0.241571114013087,39,reviewed,ci,ci,-22584.673099217718,-49165.12229289346,33604.735325760295,0
2025-11-30T02:00:18.070Z,32.8435,-118.448333333333,5.75,2.89,ml,41,183,0.1593,0.28,ci,ci41129711,2025-12-24T23:23:14.040Z,"10 km WNW of San Clemente Is. (SE tip), CA",earthquake,0.44,1.45,0.162794925290081,26,reviewed,ci,ci,-25495.8037112226,-47058.575924410674,34549.759668451865,0
2025-11-29T10:45:27.880Z,32.5611666666667,-115.2515,16.17,2.51,ml,44,39,0.1483,0.24,ci,ci41129287,2025-12-18T06:47:27.040Z,"10 km E of Puebla, B.C., MX",earthquake,0.25,0.79,0.150175294132869,24,reviewed,ci,ci,-22900.447685192663,-48552.60220996883,34279.99846159835,0
2025-11-28T12:29:49.010Z,33.6755,-116.797166666667,17.47,2.58,ml,132,16,0.06199,0.19,ci,ci41128719,2025-12-22T14:11:59.040Z,"10 km SW of Idyllwild, CA",earthquake,0.11,0.2,0.179789490564696,295,reviewed,ci,ci,-23896.140111203225,-47312.13017444975,35316.783601321426,0
2025-11-28T01:37:06.000Z,33.6758333333333,-116.793166666667,17.14,3.48,ml,104,26,0.06455,0.18,ci,ci41128303,2026-01-13T21:42:55.040Z,"10 km SW of Idyllwild, CA",earthquake,0.13,0.26,0.189048554306863,47,reviewed,ci,ci,-23892.868216909385,-47313.86005622973,35317.27495049003,0
2025-11-28T01:36:44.320Z,33.675,-116.7965,17.5,3.55091722540136,mw,136,16,0.06201,0.19,ci,ci41128295,2025-12-17T04:25:57.489Z,"10 km SW of Idyllwild, CA",earthquake,0.11,0.22,,6,reviewed,ci,ci,-23895.71729418418,-47312.66102960827,35316.30441515383,0
2025-11-28T00:07:16.390Z,31.7898333333333,-116.046666666667,18.96,2.92,ml,25,65,0.08068,0.21,ci,ci41128271,2026-01-15T23:40:43.040Z,"50 km E of Maneadero, B.C., MX",earthquake,0.29,0.52,0.272721365843903,22,reviewed,ci,ci,-23771.504429180604,-48638.222053785634,33552.75709836209,0
2025-11-27T23:10:52.290Z,33.6193333333333,-119.033333333333,8.83,3.02,ml,64,64,0.1385,0.27,ci,ci41128231,2025-12-16T00:30:10.040Z,"17 km N of Santa Barbara Is., CA",earthquake,0.3,1.06,0.147113344943116,258,reviewed,ci,ci,-25744.275752182784,-46380.246960764736,35269.59054515586,0
2025-11-23T09:40:43.070Z,32.7766666666667,-115.8475,4.64,2.67,ml,60,28,0.1244,0.24,ci,ci41125855,2025-12-16T14:39:59.040Z,"14 km ENE of Ocotillo, CA",earthquake,0.19,0.67,0.145956577485532,91,reviewed,ci,ci,-23352.100699206356,-48204.11392971496,34487.90637186876,0
2025-11-19T15:24:16.360Z,32.2655,-115.3235,9.53,2.86,ml,31,67,0.1343,0.3,ci,ci41124239,2025-12-11T01:51:30.040Z,"15 km WNW of Alberto Oviedo Mota, B.C., MX",earthquake,0.42,1.13,0.17976018509504,62,reviewed,ci,ci,-23039.202008686047,-48688.11318195546,34006.068337944525,0
2025-11-19T12:19:24.890Z,32.2791666666667,-115.350333333333,9.97,3.73,ml,38,67,0.1451,0.39,ci,ci41124087,2025-12-10T06:19:26.040Z,"17 km WSW of Delta, B.C., MX",earthquake,0.46,1.43,0.186833867546224,115,reviewed,ci,ci,-23058.368741143968,-48669.64999200032,34018.680495494205,0
2025-11-17T10:16:45.610Z,32.3358333,-115.2321667,27.06,3.37,ml,23,223,0.3675,0.3,ci,ci40486058,2026-01-05T14:15:24.040Z,"4 km WSW of Delta, B.C., MX",earthquake,1.12,0.73,0.154,63,reviewed,ci,ci,-22937.43441983126,-48673.581079014126,34062.78694153165,0
2025-11-17T04:14:54.240Z,31.6573333333333,-114.687166666667,9.79,2.82,ml,6,317,0.9656,0.29,ci,ci10213430,2026-01-07T02:35:17.040Z,"67 km SSE of Estacion Coahuila, B.C., MX",earthquake,2.39,31.61,0.187359494121806,77,reviewed,ci,ci,-22646.45293141306,-49265.98378434639,33432.28627285176,0
2025-11-17T00:10:12.830Z,33.4561667,-116.4508333,3.42,2.98,ml,107,23,0.1322,0.22,ci,ci40485794,2025-12-05T01:34:00.040Z,"23 km NNW of Borrego Springs, CA",earthquake,0.12,0.5,0.168,176,reviewed,ci,ci,-23674.988078131497,-47586.89891246287,35121.365672362044,0
2025-11-16T20:25:31.200Z,31.6023333333333,-114.728333333333,9.79,3.09,ml,6,300,1.028,0.24,ci,ci10213510,2025-12-30T18:30:43.040Z,"71 km SSE of Estacion Coahuila, B.C., MX",earthquake,2.96,31.61,0.150321436737231,41,reviewed,ci,ci,-22695.25883358509,-49278.82687315581,33380.22172673835,0
2025-11-16T08:22:23.150Z,33.4573333,-116.4531667,2.87,2.52,ml,107,24,0.13,0.22,ci,ci40485522,2025-12-06T10:19:45.040Z,"23 km ESE of Anza, CA",earthquake,0.12,0.54,0.179,173,reviewed,ci,ci,-23676.8119066962,-47585.70527271878,35122.751094835585,0
2025-11-16T06:53:55.570Z,31.5965,-114.689333333333,9.79,2.69,ml,8,318,1.024,0.11,ci,ci10213526,2026-01-02T18:36:44.550Z,"73 km SSE of Estacion Coahuila, B.C., MX",earthquake,1.17,31.61,0.155901821474677,11,reviewed,ci,ci,-22663.129961352377,-49297.35117480056,33374.69792443584,0
2025-11-12T20:21:34.870Z,33.6795,-116.0173333,10.83,2.52,ml,75,39,0.03327,0.19,ci,ci40484482,2025-11-25T14:23:47.040Z,"12 km ENE of Thermal, CA",earthquake,0.14,0.32,0.16,26,reviewed,ci,ci,-23251.339489530234,-47635.729860748506,35324.16610856236,0
2025-11-11T00:37:48.190Z,33.0178333,-115.7965,7.3,2.94,ml,72,32,0.07261,0.27,ci,ci40483594,2025-12-03T22:44:07.040Z,"16 km W of Westmorland, CA",earthquake,0.2,0.72,0.145,153,reviewed,ci,ci,-23244.834922782982,-48091.74751627637,34711.60407606215,0
2025-11-09T01:05:53.070Z,32.034,-116.1933333,10.06,2.51,ml,26,58,0.1936,0.22,ci,ci40482754,2025-11-14T02:28:52.040Z,"44 km ENE of Ensenada, B.C., MX",earthquake,0.33,1.22,0.163,94,reviewed,ci,ci,-23835.930800254235,-48455.2391718521,33787.87586824158,0
2025-11-07T12:59:22.537Z,27.9008,-111.921,10.0,4.7,mww,107,122,0.645,0.41,us,us6000rm33,2025-12-20T11:07:05.040Z,"70 km NNE of Santa Rosalía, Mexico",earthquake,6.62,1.942,0.054,33,reviewed,us,us,-21016.65969282999,-52225.26406385222,29807.91520413128,2
2025-11-07T12:16:06.963Z,27.8871,-111.887,10.0,4.9,mb,57,110,0.647,0.8,us,us7000rdyu,2025-12-20T11:27:13.040Z,"71 km NNE of Santa Rosalía, Mexico",earthquake,4.15,1.895,0.074,57,reviewed,us,us,-20988.321221603153,-52244.33855024621,29794.45353998055,2
2025-11-07T12:04:30.070Z,27.9293,-111.8864,10.0,5.6,mww,77,54,0.684,0.46,us,us6000rm2p,2025-12-20T08:23:50.282Z,"75 km NNE of Santa Rosalía, Mexico",earthquake,5.22,2.437,0.032,91,reviewed,us,us,-20979.588238304706,-52224.181343749755,29835.913934825716,2
2025-11-07T00:15:27.026Z,27.8532,-111.8803,10.0,4.4,mb,38,123,0.62,1.29,us,us6000rm0t,2025-12-19T03:50:59.040Z,"68 km NE of Santa Rosalía, Mexico",earthquake,6.04,1.91,0.102,28,reviewed,us,us,-20988.77765329372,-52263.14187275468,29761.135969732644,2
2025-11-06T21:02:03.700Z,31.5051667,-115.625,2.41,3.33,ml,10,107,0.177,0.14,ci,ci40482002,2025-12-19T03:20:47.040Z,"91 km SSW of Alberto Oviedo Mota, B.C., MX",earthquake,0.27,1.29,0.153,81,reviewed,ci,ci,-23490.82085651074,-48974.27483106216,33292.0225259297,0
2025-11-06T16:36:09.974Z,27.9155,-111.9365,10.0,4.8,mww,136,63,0.652,0.83,us,us6000rlvz,2025-12-19T15:39:04.040Z,"71 km NNE of Santa Rosalía, Mexico",earthquake,5.16,1.884,0.05,39,reviewed,us,us,-21027.929536455013,-52212.480960128385,29822.357576122544,2
2025-11-06T13:25:55.217Z,28.012,-111.9825,10.0,4.7,mb,45,117,0.727,0.92,us,us6000rlvh,2025-12-19T15:46:17.040Z,"79 km NNE of Santa Rosalía, Mexico",earthquake,5.99,1.902,0.044,157,reviewed,us,us,-21051.01019789076,-52148.931404074305,29917.117559374816,2
2025-11-06T10:26:14.513Z,27.8552,-111.8102,10.0,4.4,mb,35,117,0.656,0.67,us,us6000rluw,2025-12-23T08:09:16.040Z,"72 km NE of Santa Rosalía, Mexico",earthquake,4.97,1.927,0.076,50,reviewed,us,us,-20924.433287154727,-52287.81748223916,29763.101897407407,2
2025-11-05T09:46:06.371Z,31.4762,-115.6274,10.0,2.7,ml,46,75,0.158,0.6,us,us6000rlmx,2025-12-18T07:07:48.040Z,"61 km ENE of San Vicente, Mexico",earthquake,1.79,1.997,0.053,46,reviewed,us,us,-23497.349304867384,-48982.62365249154,33260.594639354014,0
2025-11-05T02:25:23.670Z,33.429,-119.0758333,8.34,2.5,ml,22,110,0.06412,0.34,ci,ci40481138,2025-11-05T15:47:19.784Z,"5 km SSW of Santa Barbara Is., CA",earthquake,0.59,1.19,0.117,127,reviewed,ci,ci,-25835.665878313834,-46463.63773529764,35093.44987006487,0
2025-11-02T08:04:18.220Z,33.426,-119.075,8.29,3.23,ml,35,111,0.06614,0.33,ci,ci41324344,2025-11-22T07:31:58.040Z,"5 km SSW of Santa Barbara Is., CA",earthquake,0.43,0.96,0.122,196,reviewed,ci,ci,-25835.90329494322,-46465.65582385602,35090.693733772154,0
2025-11-02T00:41:44.028Z,25.2082,-109.508,10.0,4.1,mb,23,179,0.576,1.15,us,us6000rpjz,2025-12-10T01:31:16.040Z,"63 km SW of Topolobampo, Mexico",earthquake,6.74,1.938,0.12,19,reviewed,us,us,-19246.07674790903,-54325.136865657994,27130.389498514807,1
2025-10-31T18:34:09.624Z,31.3774,-115.5894,10.0,2.9,ml,54,172,0.718,0.99,us,us6000rkpi,2026-01-14T18:35:23.040Z,"62 km E of San Vicente, Mexico",earthquake,3.81,2.002,0.039,86,reviewed,us,us,-23489.595045689126,-49049.852396026494,33166.86455662565,0
2025-10-30T10:13:02.700Z,32.4003333,-115.2113333,11.02,2.95,ml,29,57,0.0815,0.32,ci,ci41322528,2025-11-25T07:27:22.040Z,"5 km NNW of Delta, B.C., MX",earthquake,0.46,0.88,0.303,13,reviewed,ci,ci,-22909.155164330965,-48659.4471958489,34131.933160771914,0
2025-10-30T03:05:13.690Z,33.3483333,-116.3741667,13.91,2.72,ml,98,18,0.02233,0.2,ci,ci41322360,2025-12-09T08:11:51.299Z,"10 km N of Borrego Springs, CA",earthquake,0.13,0.31,0.135,245,reviewed,ci,ci,-23636.720809025668,-47669.82028229736,35015.504350755014,0
2025-10-29T05:27:10.890Z,31.8018333,-116.067,16.13,3.61,ml,13,88,0.06164,0.17,ci,ci41321960,2025-11-24T13:16:36.040Z,"48 km ENE of Maneadero, B.C., MX",earthquake,0.36,0.79,0.11,148,reviewed,ci,ci,-23786.732264251328,-48625.629859080596,33565.5860156413,0
2025-10-29T05:02:02.673Z,31.5059,-115.6201,10.0,2.8,ml,31,127,0.486,1.09,us,us6000rk3z,2025-12-13T13:46:46.040Z,"62 km ENE of San Vicente, Mexico",earthquake,1.59,1.974,0.057,40,reviewed,us,us,-23483.65006152509,-48970.06451957348,33288.75126430314,0
2025-10-29T03:28:49.300Z,31.4796,-115.6219,10.0,3.6,ml,65,92,0.452,1.28,us,us6000rk3k,2026-01-09T23:19:49.040Z,"61 km ENE of San Vicente, Mexico",earthquake,0.9,1.985,0.048,56,reviewed,us,us,-23491.793662876444,-48983.09928229587,33263.818409821564,0
2025-10-28T11:50:56.930Z,32.2706667,-115.346,6.1,2.51,ml,34,49,0.145,0.29,ci,ci41321544,2026-01-15T22:46:59.040Z,"17 km WSW of Delta, B.C., MX",earthquake,0.32,2.25,0.169,67,reviewed,ci,ci,-23058.248706749793,-48678.91142625494,34012.75678539593,0
2025-10-28T08:28:13.824Z,31.4965,-115.5985,10.0,3.3,ml,42,70,0.19,1.01,us,us6000rjvz,2026-01-15T22:46:58.040Z,"64 km ENE of San Vicente, Mexico",earthquake,1.2,1.986,0.043,72,reviewed,us,us,-23467.546455304022,-48983.83882345568,33279.8407070386,0
2025-10-27T10:56:15.730Z,33.635,-117.999,14.78,2.56,ml,118,90,0.06576,0.22,ci,ci41320840,2026-01-15T22:46:56.040Z,"6 km S of Huntington Beach, CA",earthquake,0.21,0.28,0.137,189,reviewed,ci,ci,-24895.99199562713,-46824.52255308326,35280.79819218759,0
2025-10-27T00:41:23.980Z,32.6056667,-115.7051667,5.09,3.05,ml,54,46,0.04708,0.26,ci,ci41320720,2026-01-15T22:46:55.040Z,"12 km WNW of Progreso, B.C., MX",earthquake,0.24,0.61,0.161,146,reviewed,ci,ci,-23276.65760052895,-48354.16287784191,34327.65213991446,0
2025-10-26T07:54:50.920Z,31.3978333,-115.3095,4.72,3.63,ml,15,135,0.2321,0.21,ci,ci41320280,2025-10-27T15:09:40.723Z,"93 km SSW of Estacion Coahuila, B.C., MX",earthquake,0.35,1.21,0.165,289,reviewed,ci,ci,-23246.567089888034,-49157.39572374313,33189.008181520796,0
2025-10-23T00:04:29.440Z,33.1008333,-115.614,11.64,3.08,ml,74,40,0.03487,0.25,ci,ci41113047,2026-01-15T22:46:48.040Z,"7 km N of Westmorland, CA",earthquake,0.19,0.36,0.163,189,reviewed,ci,ci,-23068.200148401116,-48116.87211046084,34786.57538345017,0
2025-10-21T07:42:49.930Z,31.4314,-115.6288,10.0,3.1,ml,41,136,0.409,1.37,us,us6000rier,2026-01-09T15:38:43.040Z,"59 km E of San Vicente, Mexico",earthquake,2.4,1.996,0.049,54,reviewed,us,us,-23509.78790056425,-49005.48255794859,33218.1057878543,0
2025-10-18T20:15:05.060Z,33.263,-116.4313333,5.83,2.69,ml,99,15,0.01296,0.19,ci,ci41110951,2026-01-09T15:38:40.040Z,"5 km W of Borrego Springs, CA",earthquake,0.11,0.42,0.227,26,reviewed,ci,ci,-23710.465822648755,-47698.90911480156,34940.65189889574,0
2025-10-16T11:50:45.280Z,33.0893333,-116.039,8.8,2.52,ml,79,29,0.09842,0.21,ci,ci41108959,2026-01-09T15:38:38.040Z,"10 km SE of Ocotillo Wells, CA",earthquake,0.14,0.61,0.151,111,reviewed,ci,ci,-23428.585414389756,-47952.84845478874,34777.41496995871,0
2025-10-09T21:01:23.450Z,32.1673333,-116.3533333,8.94,2.58,ml,32,83,0.3004,0.25,ci,ci41105919,2026-01-01T23:11:06.040Z,"42 km NE of Ensenada, B.C., MX",earthquake,0.38,31.61,0.24,24,reviewed,ci,ci,-23936.60284788631,-48318.7500185598,33914.04555446149,0
2025-10-09T11:30:08.310Z,32.9751667,-115.5868333,11.49,2.59,ml,55,37,0.07671,0.31,ci,ci41105703,2026-01-01T23:11:05.040Z,"5 km W of Brawley, CA",earthquake,0.24,0.52,0.188,21,reviewed,ci,ci,-23078.33305237362,-48196.6170500167,34669.53741655431,0
2025-10-06T16:53:27.396Z,31.2772,-116.1453,9.456,3.7,mb,41,196,0.101,0.76,us,us6000rf58,2025-12-19T22:50:15.040Z,"11 km ESE of San Vicente, Mexico",earthquake,1.85,4.216,0.355,2,reviewed,us,us,-23990.1047877832,-48872.055271514895,33071.98802166436,0
2025-10-05T10:51:14.940Z,33.027,-116.302,6.53,2.58,ml,100,25,0.07221,0.2,ci,ci41102919,2025-12-19T22:50:05.040Z,"20 km SW of Ocotillo Wells, CA",earthquake,0.12,0.52,0.132,175,reviewed,ci,ci,-23666.045886836902,-47880.397285058905,34720.56909020868,0
2025-10-03T09:07:05.400Z,33.2655,-116.6125,17.0,3.18,ml,117,12,0.0723,0.2,ci,ci41102063,2025-12-19T22:49:50.040Z,"3 km SE of Warner Springs, CA",earthquake,0.12,0.31,0.171,30,reviewed,ci,ci,-23856.302166112237,-47613.98607474504,34936.84911426808,0
2025-09-29T18:38:36.554Z,33.1919,-108.0944,10.098,2.7,ml,19,72,0.707,0.86,us,us6000rdmj,2025-12-11T21:40:40.040Z,"18 km NNE of Lake Roberts Heights, New Mexico",earthquake,2.99,8.537,0.057,40,reviewed,us,us,-16556.193801250618,-50670.50886258954,34872.18796163026,2
2025-09-27T15:07:48.671Z,33.1436,-108.1683,13.315,2.9,ml,28,56,0.69,0.51,us,us6000rdc8,2025-12-11T21:40:48.040Z,"12 km N of Trout Valley, New Mexico",earthquake,2.37,7.322,0.041,78,reviewed,us,us,-16629.855223149225,-50674.46670538731,34825.47945643985,2
2025-09-25T20:20:45.390Z,31.5965,-115.5796667,7.51,3.28,ml,12,116,0.2688,0.15,ci,ci41097783,2025-12-11T21:40:37.040Z,"80 km SSW of Alberto Oviedo Mota, B.C., MX",earthquake,0.28,2.62,0.146,84,reviewed,ci,ci,-23427.245267438066,-48940.9972480147,33375.89249367301,0
2025-09-25T14:19:18.570Z,33.4548333,-116.538,10.51,2.63,ml,103,26,0.06679,0.2,ci,ci41097487,2025-12-11T21:40:51.040Z,"17 km SE of Anza, CA",earthquake,0.11,0.23,0.216,25,reviewed,ci,ci,-23745.079046670522,-47546.26514834671,35116.22015209749,0
2025-09-19T15:09:20.616Z,31.4694,-115.5857,10.0,2.5,ml,18,90,0.434,0.83,us,us7000qxcj,2025-12-06T16:00:23.040Z,"64 km ENE of San Vicente, Mexico",earthquake,1.36,1.99,0.091,16,reviewed,us,us,-23463.398000460045,-49003.272119287525,33254.146747060964,0
2025-09-18T00:34:26.460Z,32.5188333,-115.2213333,22.05,3.01,ml,38,43,0.1183,0.27,ci,ci40441802,2025-12-06T16:00:19.040Z,"13 km ESE of Puebla, B.C., MX",earthquake,0.29,0.79,0.211,61,reviewed,ci,ci,-22883.554866490886,-48583.06750324465,34237.16465845229,0
2025-09-17T04:46:13.820Z,33.1266667,-116.0345,8.08,2.78,ml,79,22,0.06669,0.22,ci,ci41292744,2025-12-06T16:00:18.040Z,"9 km ESE of Ocotillo Wells, CA",earthquake,0.14,0.7,0.167,169,reviewed,ci,ci,-23415.13278134966,-47934.85873074293,34812.57656338986,0
2025-09-16T08:13:28.020Z,31.5811667,-115.6046667,-0.27,2.94,ml,11,145,0.4341,0.37,ci,ci41292224,2025-12-03T03:58:43.040Z,"83 km SSW of Alberto Oviedo Mota, B.C., MX",earthquake,0.77,3.64,0.178,89,reviewed,ci,ci,-23455.321010349773,-48944.8004844193,33365.44507892459,0
2025-09-15T07:08:52.750Z,33.639,-116.7293333,13.74,2.83,ml,113,19,0.05509,0.18,ci,ci41291600,2025-12-03T03:58:36.040Z,"11 km NNW of Anza, CA",earthquake,0.1,0.21,0.306,25,reviewed,ci,ci,-23851.620942956986,-47363.24620485127,35285.076524215416,0
2025-09-14T02:02:41.750Z,32.9476667,-116.4726667,7.62,3.58,ml,104,29,0.05744,0.23,ci,ci41291096,2025-12-03T03:58:27.040Z,"15 km NNE of Pine Valley, CA",earthquake,0.14,0.5,0.14,273,reviewed,ci,ci,-23829.56170689659,-47851.86063642144,34645.99024640669,0
2025-09-13T09:13:45.830Z,32.6453333,-115.7368333,6.74,2.91,ml,56,46,0.009678,0.24,ci,ci41290528,2025-12-03T03:58:19.040Z,"16 km WNW of Progreso, B.C., MX",earthquake,0.2,0.49,0.141,138,reviewed,ci,ci,-23292.449967048855,-48318.61980916488,34363.90677582375,0
2025-09-13T08:02:11.600Z,32.6431667,-115.732,7.26,3.02,ml,56,46,0.007762,0.27,ci,ci41290448,2025-12-03T03:58:19.040Z,"16 km WNW of Progreso, B.C., MX",earthquake,0.24,0.54,0.136,162,reviewed,ci,ci,-23288.747920678143,-48321.36062785205,34361.597909116186,0
2025-09-11T08:29:37.040Z,32.4585,-115.1103333,15.75,2.56,ml,29,48,0.01043,0.31,ci,ci41288856,2025-12-03T03:58:00.040Z,"14 km NE of Delta, B.C., MX",earthquake,0.44,0.85,0.188,18,reviewed,ci,ci,-22806.933677349698,-48664.74045835899,34183.97717381683,0
2025-09-11T01:56:38.610Z,31.7326667,-115.9406667,-0.16,2.59,ml,26,306,0.9123,0.25,ci,ci41288664,2025-12-03T03:57:57.040Z,"59 km E of Maneadero, B.C., MX",earthquake,2.67,3.67,0.109,20,reviewed,ci,ci,-23703.226738143054,-48726.820578065344,33508.78221867827,0
2025-09-10T06:14:52.460Z,32.1851667,-117.6953333,15.63,2.75,ml,19,271,0.4428,0.29,ci,ci41287880,2025-12-03T03:57:52.040Z,"64 km WSW of Rosarito, B.C., MX",earthquake,1.01,2.25,0.142,94,reviewed,ci,ci,-25054.132218469906,-47730.53517174596,33927.263973021014,0
2025-09-03T04:22:16.270Z,32.6533333,-115.8993333,10.68,2.87,ml,60,50,0.0202,0.26,ci,ci41281984,2025-11-30T23:39:31.040Z,"13 km SE of Ocotillo, CA",earthquake,0.22,0.44,0.158,170,reviewed,ci,ci,-23425.85048087727,-48245.06367418749,34369.27012293944,0
2025-09-02T06:46:34.571Z,31.457,-115.572,5.0,2.8,ml,43,181,0.561,0.52,us,us7000qt7s,2025-11-19T21:59:50.040Z,"65 km ENE of San Vicente, Mexico",earthquake,2.12,1.788,0.055,44,reviewed,us,us,-23456.62713934805,-49019.21917498353,33244.99691262622,0
2025-09-02T06:44:21.624Z,31.4905,-115.614,5.92,3.2,ml,23,129,0.48,0.41,us,us7000qtht,2025-11-19T21:59:51.040Z,"62 km ENE of San Vicente, Mexico",earthquake,1.28,4.218,0.069,28,reviewed,us,us,-23483.807529664235,-48983.76797072531,33276.28386623468,0
2025-09-02T06:41:55.569Z,31.5172,-115.6079,5.0,4.2,mb,39,86,0.477,1.26,us,us7000qt7m,2025-11-19T21:59:50.040Z,"64 km ENE of San Vicente, Mexico",earthquake,1.46,1.846,0.091,34,reviewed,us,us,-23472.22654733559,-48972.9861735692,33302.075478173334,0
2025-09-02T05:59:28.703Z,31.49,-115.5535,10.745,3.0,ml,27,129,0.429,0.67,us,us7000qt7h,2025-11-19T21:59:50.040Z,"68 km ENE of San Vicente, Mexico",earthquake,1.55,7.365,0.045,64,reviewed,us,us,-23430.421787461903,-49005.087794974526,33273.28947704892,0
2025-09-01T21:38:20.472Z,22.9779,-109.6979,10.0,4.8,mww,230,61,4.269,0.73,us,us7000qt5b,2025-11-19T21:59:49.040Z,"8 km S of San José del Cabo, Mexico",earthquake,7.53,1.834,0.075,17,reviewed,us,us,-19767.182304164107,-55213.975597162455,24866.954025571587,1
2025-08-31T14:58:13.320Z,32.4615,-115.1235,6.76,2.97,ml,34,43,0.01813,0.35,ci,ci41280072,2025-11-19T21:59:46.040Z,"14 km NNE of Delta, B.C., MX",earthquake,0.38,0.91,0.128,19,reviewed,ci,ci,-22820.576896378032,-48664.74520452674,34191.61638168907,0
2025-08-31T14:43:37.180Z,32.4678333,-115.12,16.19,2.69,ml,34,50,0.02176,0.36,ci,ci41280064,2025-11-19T21:59:46.040Z,"14 km NNE of Delta, B.C., MX",earthquake,0.43,1.44,0.128,19,reviewed,ci,ci,-22812.622069117475,-48655.51331700571,34192.49523662167,0
2025-08-17T07:55:58.716Z,25.842,-110.2577,10.0,4.9,mww,53,139,2.306,0.84,us,us6000r1pq,2025-11-04T16:43:50.040Z,"92 km W of Las Grullas Margen Derecha, Mexico",earthquake,6.59,1.844,0.043,52,reviewed,us,us,-19850.107809071942,-53783.811541335024,27766.253547325723,1
2025-08-15T16:43:29.010Z,33.6763333,-116.7995,17.34,3.33,ml,130,11,0.09902,0.2,ci,ci41261536,2025-11-04T16:43:44.040Z,"10 km SW of Idyllwild, CA",earthquake,0.11,0.27,0.131,345,reviewed,ci,ci,-23897.88403608054,-47310.79506831265,35317.62656914775,0
2025-08-15T08:35:41.730Z,32.3633333,-115.4478333,2.2,3.06,ml,38,64,0.1332,0.29,ci,ci41261224,2025-11-04T16:43:42.040Z,"24 km W of Delta, B.C., MX",earthquake,0.27,0.99,0.112,17,reviewed,ci,ci,-23122.478541381086,-48591.09068980323,34101.91596550976,0
2025-08-14T17:10:49.270Z,31.5971667,-115.1118333,0.85,3.51,ml,17,117,0.1347,0.32,ci,ci41260800,2025-11-04T16:43:39.040Z,"67 km S of Estacion Coahuila, B.C., MX",earthquake,0.51,1.55,0.16,111,reviewed,ci,ci,-23029.09668553329,-49135.43741689836,33380.01332265948,0
2025-08-09T09:25:20.782Z,32.432,-110.5513,12.183,2.6,ml,21,104,0.232,0.81,us,us6000qzfy,2025-10-25T13:40:35.040Z,"14 km ENE of Willow Canyon, Arizona",earthquake,3.03,8.151,0.059,38,reviewed,us,us,-18873.201391315095,-50341.21810279855,34161.02925461729,2
2025-08-05T08:48:51.810Z,32.9133333,-115.531,12.51,3.11,ml,56,36,0.02765,0.33,ci,ci41253472,2025-10-17T22:51:42.040Z,"7 km S of Brawley, CA",earthquake,0.28,0.71,0.173,144,reviewed,ci,ci,-23047.099180650093,-48252.04438965583,34611.29387752011,0
2025-08-05T06:59:16.470Z,32.9125,-115.5358333,16.19,3.87489318053809,mw,69,36,0.02364,0.32,ci,ci41253336,2025-11-20T05:36:58.900Z,"7 km S of Brawley, CA",earthquake,0.25,0.66,,9,reviewed,ci,ci,-23050.05473942129,-48247.766654181396,34608.51660660197,0
2025-08-05T06:27:16.320Z,32.9115,-115.528,11.74,2.72,ml,50,35,0.02928,0.29,ci,ci41253328,2025-10-17T22:51:42.040Z,"8 km S of Brawley, CA",earthquake,0.3,0.49,0.19,26,reviewed,ci,ci,-23045.328506648453,-48254.83370379951,34610.00123182476,0
2025-08-05T03:08:04.820Z,31.8666667,-114.7105,14.42,2.53,ml,14,167,0.09715,0.25,ci,ci41253208,2025-10-17T22:51:42.040Z,"46 km SE of Estacion Coahuila, B.C., MX",earthquake,0.68,0.83,0.197,40,reviewed,ci,ci,-22613.657921617967,-49141.89451261283,33627.720568775956,0
2025-08-05T01:50:24.900Z,33.2131667,-115.5678333,3.76,3.11,ml,63,46,0.05361,0.26,ci,ci41253160,2025-10-17T22:51:42.040Z,"5 km WSW of Niland, CA",earthquake,0.23,0.38,0.139,192,reviewed,ci,ci,-23002.788370998634,-48079.77515242183,34895.443304093584,0
2025-08-02T23:40:30.550Z,32.2685,-115.1065,15.95,3.43,ml,32,66,0.04294,0.34,ci,ci41251760,2025-10-17T22:51:42.040Z,"2 km S of Guadalupe Victoria, B.C., MX",earthquake,0.43,0.6,0.2,124,reviewed,ci,ci,-22851.578746827054,-48768.493651464836,34005.46104888295,0
2025-07-25T17:21:31.480Z,32.2245,-116.5705,15.65,2.6,ml,43,93,0.1184,0.2,ci,ci41032055,2025-10-11T20:57:14.040Z,"33 km E of Primo Tapia, B.C., MX",earthquake,0.28,1.26,0.193,22,reviewed,ci,ci,-24101.885177245666,-48192.31209942196,33964.25190310061,0
2025-07-24T03:12:39.040Z,24.8149,-107.3051,10.0,4.2,mb,60,201,1.748,1.09,us,us6000quje,2025-12-03T06:56:01.970Z,"8 km ENE of Culiacán, Mexico",earthquake,6.53,1.972,0.06,78,reviewed,us,us,-17198.675360925357,-55201.28276754019,26734.134484728856,1
2025-07-22T13:51:53.070Z,33.5443333,-118.2508333,2.19,3.01,ml,98,94,0.1717,0.3,ci,ci41028519,2025-10-03T18:41:29.040Z,"22 km S of San Pedro, CA",earthquake,0.21,0.64,0.17,242,reviewed,ci,ci,-25132.92088381086,-46773.00885621834,35203.792201697885,0
2025-07-13T02:32:49.570Z,32.7918333,-115.8293333,4.81,2.62,ml,67,28,0.1032,0.26,ci,ci41021463,2025-09-20T22:26:40.040Z,"17 km ENE of Ocotillo, CA",earthquake,0.2,0.64,0.121,131,reviewed,ci,ci,-23332.77490119865,-48203.16823881425,34501.99153797739,0
2025-07-11T09:55:42.860Z,33.1608333,-115.6366667,11.21,4.34,mw,79,41,0.02421,0.25,ci,ci41019687,2026-01-16T10:05:57.167Z,"12 km WNW of Calipatria, CA",earthquake,0.2,0.47,,6,reviewed,ci,ci,-23071.61565742589,-48075.19827770597,34842.67080720675,0
2025-07-11T08:22:37.150Z,33.1586667,-115.6365,10.56,3.35,ml,72,41,0.02565,0.23,ci,ci41019495,2025-09-20T22:28:15.040Z,"12 km WNW of Calipatria, CA",earthquake,0.19,0.47,0.124,275,reviewed,ci,ci,-23072.281253273733,-48076.943802272246,34841.0098693564,0
2025-07-11T08:18:37.840Z,33.1601667,-115.6405,5.15,3.06,ml,60,48,0.02707,0.23,ci,ci41019463,2025-09-20T22:28:15.040Z,"12 km WNW of Calipatria, CA",earthquake,0.21,0.44,0.124,291,reviewed,ci,ci,-23077.20267363595,-48078.59357800556,34845.365112786414,0
2025-07-11T00:16:46.150Z,33.2601667,-116.4271667,5.29,3.7,ml,122,22,0.0116,0.18,ci,ci41019143,2025-09-20T22:28:09.040Z,"5 km W of Borrego Springs, CA",earthquake,0.1,0.43,0.151,370,reviewed,ci,ci,-23707.966974698942,-47702.584805652376,34938.313940003274,0
2025-07-09T05:03:36.350Z,33.367,-116.8751667,7.79,2.56,ml,129,19,0.01697,0.22,ci,ci41017615,2025-09-20T22:26:39.040Z,"2 km NW of Palomar Observatory, CA",earthquake,0.12,0.43,0.152,257,reviewed,ci,ci,-24049.793854630345,-47455.69957045898,35036.2034574556,0
2025-07-07T10:20:12.250Z,32.3366667,-117.8408333,27.95,3.22,ml,27,197,0.5076,0.2,ci,ci41015943,2025-09-12T16:23:11.040Z,"72 km SE of San Clemente Is. (SE tip), CA",earthquake,0.7,0.35,0.237,50,reviewed,ci,ci,-25128.41557905349,-47578.06092030957,34063.09354348477,0
2025-07-07T09:22:05.600Z,32.3905,-117.829,0.01,2.58,ml,21,229,0.4919,0.33,ci,ci41015927,2025-09-12T16:23:10.040Z,"68 km SE of San Clemente Is. (SE tip), CA",earthquake,1.51,2.57,0.201,24,reviewed,ci,ci,-25114.65083570846,-47575.789925029145,34128.60020876982,0
2025-07-06T18:58:28.290Z,32.4428333,-115.2028333,19.68,2.57,ml,33,50,0.08948,0.31,ci,ci41015583,2025-09-12T16:23:10.040Z,"10 km N of Delta, B.C., MX",earthquake,0.35,0.71,0.22,26,reviewed,ci,ci,-22888.036784283373,-48633.31146284686,34167.17211039596,0
2025-07-06T04:34:59.612Z,31.5065,-114.3727,10.0,3.3,ml,19,269,1.074,0.92,us,us7000qay6,2025-09-12T16:23:09.040Z,"23 km SSE of Golfo de Santa Clara, Mexico",earthquake,3.63,1.985,0.059,38,reviewed,us,us,-22411.886289647977,-49469.369587179164,33289.319992859004,0
2025-07-06T04:29:13.505Z,31.6688,-114.0312,10.0,2.7,ml,14,208,0.953,1.09,us,us7000qay4,2025-09-12T16:23:09.040Z,"44 km E of Golfo de Santa Clara, Mexico",earthquake,5.73,2.002,0.064,32,reviewed,us,us,-22078.147800737188,-49515.74847883683,33443.0268108222,0
2025-07-05T03:40:52.040Z,32.6925,-115.7263333,11.19,2.51,ml,54,44,0.04305,0.27,ci,ci41014479,2025-09-12T16:23:08.040Z,"18 km NW of Progreso, B.C., MX",earthquake,0.26,0.44,0.182,86,reviewed,ci,ci,-23269.68178421082,-48294.01257317244,34405.64858653196,0
2025-07-05T02:51:41.716Z,31.4821,-114.2576,10.0,3.4,ml,20,174,0.632,0.68,us,us7000qasd,2025-09-12T16:23:08.040Z,"32 km SE of Golfo de Santa Clara, Mexico",earthquake,3.67,2.01,0.059,38,reviewed,us,us,-22318.285693611328,-49527.21281724506,33266.188754554685,0
2025-07-05T02:14:47.708Z,31.4248,-114.3818,5.0,2.5,ml,7,235,1.156,0.77,us,us7000qas9,2025-09-12T16:23:08.040Z,"31 km SSE of Golfo de Santa Clara, Mexico",earthquake,3.71,1.882,0.077,22,reviewed,us,us,-22441.077168587773,-49512.880097388545,33214.45144775259,0
2025-07-04T17:21:11.500Z,33.6683333,-118.2443333,6.8,2.54,ml,82,91,0.06045,0.26,ci,ci41014279,2025-09-12T16:23:07.040Z,"9 km SSE of San Pedro, CA",earthquake,0.23,0.57,0.219,184,reviewed,ci,ci,-25089.685211830572,-46705.25322283971,35316.06868837005,0
2025-07-02T08:27:18.780Z,31.496,-115.6076667,8.85,2.79,ml,12,112,0.1833,0.15,ci,ci41012103,2025-09-04T18:00:22.558Z,"91 km SSW of Alberto Oviedo Mota, B.C., MX",earthquake,0.26,1.28,0.15,25,reviewed,ci,ci,-23475.932368307505,-48981.229798367705,33279.967521027545,0
2025-07-02T08:00:41.550Z,31.4988333,-115.6116667,7.08,2.78,ml,10,109,0.1821,0.16,ci,ci41012079,2025-09-04T17:46:35.480Z,"91 km SSW of Alberto Oviedo Mota, B.C., MX",earthquake,0.29,1.74,0.165,20,reviewed,ci,ci,-23479.292805525536,-48979.46758708885,33283.57824459548,0
2025-07-01T02:20:51.690Z,31.5898333,-115.9725,12.28,3.75,ml,33,83,0.2551,0.19,ci,ci41010407,2025-09-04T20:40:03.040Z,"58 km ESE of Maneadero, B.C., MX",earthquake,0.15,0.61,0.184,347,reviewed,ci,ci,-23762.164102241502,-48779.063634420025,33367.08020378389,0
2025-06-28T11:20:26.922Z,27.8992,-111.8568,10.0,4.1,mb,41,124,0.67,0.95,us,us7000q9cp,2025-09-04T20:40:01.040Z,"74 km NNE of Santa Rosalía, Mexico",earthquake,5.94,1.955,0.055,90,reviewed,us,us,-20958.437913400947,-52249.553008942756,29806.343126854714,2
2025-06-25T16:08:37.050Z,33.3358333,-115.7638333,5.3,2.75,ml,67,36,0.04057,0.2,ci,ci41003855,2025-09-04T20:39:58.040Z,"3 km WSW of Bombay Beach, CA",earthquake,0.16,0.51,0.104,26,reviewed,ci,ci,-23134.041442335903,-47932.25398470468,35008.62688795502,0
2025-06-13T18:16:15.410Z,31.0526667,-115.6761667,9.83,3.12,ml,9,210,0.3501,0.14,ci,ci40993399,2025-06-17T18:41:40.646Z,"112 km SE of Maneadero, B.C., MX",earthquake,0.56,31.61,0.111,24,reviewed,ci,ci,-23644.979846216433,-49182.98464941436,32858.18934567743,0
2025-06-12T18:01:08.350Z,32.6925,-115.6548333,14.36,2.72,ml,54,51,0.07413,0.3,ci,ci40992391,2025-08-22T20:25:59.040Z,"12 km WSW of Heber, CA",earthquake,0.3,0.5,0.221,28,reviewed,ci,ci,-23208.24205375448,-48320.60862368551,34403.93637391733,0
2025-06-12T09:55:16.690Z,31.9243333,-115.7036667,7.64,2.63,ml,17,101,0.08301,0.29,ci,ci40992055,2025-08-22T20:25:59.040Z,"61 km WSW of Alberto Oviedo Mota, B.C., MX",earthquake,0.47,0.9,0.253,16,reviewed,ci,ci,-23449.849669309293,-48717.209802679376,33685.73420749673,0
2025-06-10T23:50:07.300Z,32.996,-115.7663333,10.9,2.56,ml,59,27,0.05808,0.27,ci,ci41182144,2025-08-20T16:09:00.040Z,"14 km WSW of Westmorland, CA",earthquake,0.2,0.53,0.17,120,reviewed,ci,ci,-23223.946733734232,-48113.16897765571,34689.28667249043,0
2025-06-05T20:47:59.270Z,32.3066667,-115.323,12.01,2.63,ml,32,93,0.1135,0.26,ci,ci41176264,2025-08-20T16:08:56.040Z,"13 km WSW of Delta, B.C., MX",earthquake,0.26,1.17,0.177,26,reviewed,ci,ci,-23027.42406016811,-48664.32157564913,34043.43514945429,0
2025-06-04T19:27:08.450Z,33.6768333,-116.7641667,15.78,3.19,ml,135,13,0.05727,0.19,ci,ci41173792,2025-11-28T02:19:51.709Z,"8 km SSW of Idyllwild, CA",earthquake,0.1,0.25,0.143,363,reviewed,ci,ci,-23869.149570515572,-47326.4074079432,35318.954147116754,0
2025-05-30T10:19:43.560Z,32.759,-118.0845,5.84,2.63,ml,32,185,0.4472,0.27,ci,ci40980815,2025-08-16T21:54:11.040Z,"25 km ESE of San Clemente Is. (SE tip), CA",earthquake,0.66,31.61,0.179,24,reviewed,ci,ci,-25220.39028931854,-47264.36301680495,34470.739817644295,0
2025-05-28T16:31:24.970Z,33.1616667,-116.398,6.36,3.25,ml,111,18,0.09065,0.2,ci,ci40978623,2025-12-09T08:12:09.756Z,"11 km SSW of Borrego Springs, CA",earthquake,0.11,0.52,0.137,253,reviewed,ci,ci,-23709.952179613618,-47767.5755397985,34846.09940782008,0
2025-05-25T13:00:18.480Z,33.6796667,-116.8026667,16.18,2.57,ml,124,11,0.06222,0.22,ci,ci40975983,2025-08-13T15:14:32.040Z,"10 km SW of Idyllwild, CA",earthquake,0.12,0.32,0.149,211,reviewed,ci,ci,-23900.00754534269,-47308.50169789154,35321.35349368079,0
2025-05-25T12:08:38.120Z,31.8555,-116.4705,10.21,2.73,ml,17,85,0.1655,0.19,ci,ci40975951,2025-08-13T15:14:32.040Z,"14 km E of Ensenada, B.C., MX",earthquake,0.35,1.07,0.123,112,reviewed,ci,ci,-24116.79784621852,-48433.24604979756,33619.39893526502,0
2025-05-19T10:49:20.000Z,32.0965,-115.1101667,15.89,2.99,ml,29,55,0.1439,0.3,ci,ci41156176,2025-07-25T17:06:20.040Z,"15 km SW of Estacion Coahuila, B.C., MX",earthquake,0.37,0.68,0.254,132,reviewed,ci,ci,-22897.938269661798,-48859.29300915928,33843.66348869426,0
2025-05-16T06:27:33.200Z,31.6253333,-116.3565,15.67,2.85,ml,11,131,0.302,0.09,ci,ci41154080,2025-07-25T17:06:16.040Z,"22 km ESE of Maneadero, B.C., MX",earthquake,0.22,0.8,0.193,25,reviewed,ci,ci,-24078.083965425943,-48597.59302570797,33398.91463521619,0
2025-05-11T01:04:58.240Z,32.5335,-115.2321667,22.11,2.89,ml,41,43,0.1293,0.28,ci,ci41150576,2025-07-24T21:30:14.040Z,"12 km ESE of Puebla, B.C., MX",earthquake,0.33,0.87,0.204,87,reviewed,ci,ci,-22888.982131476543,-48570.76459385142,34250.878184445384,0
2025-05-11T01:01:45.130Z,32.5408333,-115.2485,18.96,2.63,ml,37,68,0.1301,0.28,ci,ci41150560,2025-07-24T21:30:14.040Z,"10 km ESE of Puebla, B.C., MX",earthquake,0.34,0.78,0.207,81,reviewed,ci,ci,-22902.089876352602,-48562.67407305923,34259.444573006265,0
2025-05-09T01:26:25.188Z,33.588,-108.1792,10.0,2.6,ml,19,85,0.917,0.87,us,us7000py4k,2025-07-24T21:30:12.040Z,"46 km SE of Aragon, New Mexico",earthquake,2.01,2.012,0.069,28,reviewed,us,us,-16555.5840287364,-50415.77198859156,35239.928664255196,2
2025-05-07T21:42:03.822Z,29.8116,-118.0148,19.767,3.9,mwr,37,214,3.082,0.83,us,us7000pxu4,2025-07-24T21:30:09.040Z,"215 km WSW of Pueblo Benito García, Mexico",earthquake,10.85,8.829,0.036,73,reviewed,us,us,-25956.434492174027,-48786.547622951715,31663.57622065505,0
2025-05-06T18:42:21.483Z,33.5634,-105.7766,5.0,2.7,ml,12,145,0.887,0.27,us,us7000pxjj,2025-07-12T16:30:47.040Z,"6 km W of Nogal, New Mexico",earthquake,2.21,1.973,0.06,36,reviewed,us,us,-14432.796484278633,-51084.04449044244,35219.906432895186,2
2025-05-06T08:43:32.990Z,31.7085,-115.8581667,7.77,2.95,ml,15,60,0.2531,0.17,ci,ci41145672,2025-07-12T16:30:47.040Z,"67 km E of Maneadero, B.C., MX",earthquake,0.34,2.64,0.159,111,reviewed,ci,ci,-23636.260438207035,-48767.543573681876,33481.75612567521,0
2025-05-04T12:27:38.220Z,31.5016667,-115.619,6.72,2.65,ml,17,109,0.1788,0.18,ci,ci41144632,2025-07-12T16:30:44.040Z,"91 km SSW of Alberto Oviedo Mota, B.C., MX",earthquake,0.26,1.6,0.17,18,reviewed,ci,ci,-23484.98251465541,-48975.25464428274,33286.452372885746,0
2025-05-04T10:24:56.920Z,31.505,-115.6201667,6.71,3.44,ml,13,107,0.1801,0.22,ci,ci41144592,2025-07-12T16:30:44.040Z,"91 km SSW of Alberto Oviedo Mota, B.C., MX",earthquake,0.37,2.55,0.144,147,reviewed,ci,ci,-23485.146075745484,-48973.03790872653,33289.61742969466,0
2025-05-04T09:48:11.280Z,33.1005,-116.4681667,11.01,2.69,ml,97,14,0.03418,0.21,ci,ci41144576,2025-07-12T16:30:44.040Z,"13 km E of Julian, CA",earthquake,0.13,0.28,0.141,193,reviewed,ci,ci,-23783.2629493943,-47768.29035288919,34786.60902218182,0
2025-05-02T00:13:39.530Z,32.4228333,-115.1463333,8.51,2.5,ml,25,77,0.04039,0.28,ci,ci41142464,2025-07-12T16:30:41.040Z,"9 km NNE of Delta, B.C., MX",earthquake,0.39,1.25,0.123,72,reviewed,ci,ci,-22849.140990190404,-48675.186400910985,34154.39668720662,0
2025-04-30T09:13:41.170Z,31.5041667,-115.6216667,7.83,3.98016704865122,mw,15,107,0.1786,0.23,ci,ci41140272,2025-11-25T20:47:23.287Z,"91 km SSW of Alberto Oviedo Mota, B.C., MX",earthquake,0.4,2.23,,7,reviewed,ci,ci,-23486.224608889283,-48971.99858101577,33288.242238224186,0
2025-04-26T08:44:26.010Z,33.6885,-118.1536667,15.22,2.71,ml,98,80,0.1078,0.27,ci,ci41134928,2025-12-25T02:56:08.104Z,"7 km SW of Seal Beach, CA",earthquake,0.32,0.37,0.143,198,reviewed,ci,ci,-25006.5736345063,-46727.75775519468,35330.057026309165,0
2025-04-22T09:05:29.630Z,33.181,-115.607,3.55,2.84,ml,58,43,0.008056,0.23,ci,ci40936807,2025-06-27T00:34:49.040Z,"10 km SW of Niland, CA",earthquake,0.19,0.19,0.164,112,reviewed,ci,ci,-23044.189148788988,-48081.85701654209,34865.62983681978,0
2025-04-18T09:55:21.980Z,33.0608333,-116.618,13.05,2.54,ml,85,19,0.02643,0.18,ci,ci40931879,2025-06-27T00:34:24.040Z,"2 km SW of Julian, CA",earthquake,0.13,0.32,0.306,25,reviewed,ci,ci,-23918.11811772869,-47725.92268510656,34748.544845275304,0
2025-04-17T22:31:42.740Z,33.0543333,-116.6123333,12.52,2.61,ml,102,18,0.02933,0.19,ci,ci40931567,2025-06-27T00:34:20.040Z,"3 km SSW of Julian, CA",earthquake,0.12,0.31,0.175,25,reviewed,ci,ci,-23915.36248865048,-47732.20933066836,34742.77749115788,0
2025-04-16T18:59:21.600Z,32.1398333,-116.0521667,16.38,3.65,ml,35,46,0.1611,0.22,ci,ci40930319,2025-07-15T20:46:10.140Z,"61 km ENE of Ensenada, B.C., MX",earthquake,0.27,1.23,0.168,183,reviewed,ci,ci,-23686.6725284607,-48452.859432778314,33884.20260270693,0
2025-04-16T07:00:47.277Z,30.5802,-114.1705,10.0,4.0,mb,28,174,0.742,1.25,us,us6000q6dx,2025-06-27T00:34:09.040Z,"80 km SE of San Felipe, Mexico",earthquake,6.3,1.999,0.211,6,reviewed,us,us,-22454.614166086554,-50032.663248025565,32406.988612980647,0
2025-04-14T20:23:29.620Z,33.0391667,-116.5941667,12.72,2.88,ml,110,20,0.0418,0.21,ci,ci40927095,2025-06-14T18:26:43.040Z,"4 km S of Julian, CA",earthquake,0.12,0.35,0.17,193,reviewed,ci,ci,-23904.268136795417,-47747.86176103845,34728.53497473438,0
2025-04-14T19:34:30.190Z,33.0383333,-116.5926667,12.76,2.58,ml,88,20,0.04273,0.19,ci,ci40927015,2025-06-14T18:26:43.040Z,"5 km S of Julian, CA",earthquake,0.12,0.34,0.16,132,reviewed,ci,ci,-23903.22920556235,-47748.909274791375,34727.73646858794,0
2025-04-14T18:23:42.060Z,33.0405,-116.5921667,12.57,3.95,ml,108,20,0.04062,0.22,ci,ci40926623,2025-06-14T18:26:43.040Z,"4 km SSE of Julian, CA",earthquake,0.12,0.36,0.146,285,reviewed,ci,ci,-23902.295930588385,-47748.085916782074,34729.85933077004,0
2025-04-14T17:14:03.350Z,33.0483333,-116.6025,13.21,2.55,ml,81,20,0.03282,0.21,ci,ci40926087,2025-06-14T18:26:43.040Z,"3 km S of Julian, CA",earthquake,0.14,0.41,0.139,43,reviewed,ci,ci,-23908.540251202983,-47739.048756759854,34736.81020416832,0
2025-04-14T17:13:08.520Z,33.0395,-116.5961667,11.95,2.97,ml,79,21,0.04138,0.22,ci,ci40926079,2025-06-14T18:26:43.040Z,"4 km S of Julian, CA",earthquake,0.15,0.49,0.175,20,reviewed,ci,ci,-23906.133375509005,-47747.423854025896,34729.26541317673,0
2025-04-14T17:12:30.290Z,33.23,-116.3,10.74,3.54,ml,104,17,0.05359,0.21,ci,ci40926063,2025-06-14T18:26:43.040Z,"8 km ESE of Borrego Springs, CA",earthquake,0.12,0.33,0.126,122,reviewed,ci,ci,-23608.161135111135,-47767.4841926957,34907.27583565917,0
2025-04-14T17:12:07.990Z,33.0491667,-116.6033333,13.54,2.57,ml,38,102,0.0321,0.15,ci,ci40926055,2025-06-14T18:26:43.040Z,"3 km S of Julian, CA",earthquake,0.18,0.45,0.187,29,reviewed,ci,ci,-23908.884422920124,-47738.001929547616,34737.4068398543,0
2025-04-14T17:10:44.990Z,33.0395,-116.587,14.47,2.5,ml,19,111,0.0423,0.13,ci,ci37715556,2025-06-14T18:26:44.040Z,"5 km SSE of Julian, CA",earthquake,0.23,0.46,0.242,17,reviewed,ci,ci,-23897.548538509815,-47749.35884541727,34727.89146611177,0
2025-04-14T17:10:21.560Z,33.0736667,-116.6095,16.08,2.77,ml,17,65,0.0124,0.13,ci,ci40926023,2025-06-14T18:26:43.040Z,"1 km SW of Julian, CA",earthquake,0.24,0.53,0.107,16,reviewed,ci,ci,-23906.413580845016,-47720.240411236286,34758.84764720776,0
2025-04-14T17:10:17.560Z,33.0535,-116.6088333,15.08,2.83,ml,37,44,0.029,0.17,ci,ci40926015,2025-06-14T18:26:43.040Z,"3 km SSW of Julian, CA",earthquake,0.21,0.47,0.198,19,reviewed,ci,ci,-23911.71191626681,-47732.20348484454,34740.60473741438,0
2025-04-14T17:08:28.110Z,33.0358333,-116.5948333,14.29,5.21,mw,119,20,0.04508,0.21,ci,ci40925991,2026-01-12T17:18:31.424Z,"5 km S of Julian, CA",earthquake,0.12,0.3,,6,reviewed,ci,ci,-23905.138904841413,-47748.21333558799,34724.57241786448,0
2025-04-13T22:54:16.570Z,33.0346667,-116.5958333,13.95,3.31,ml,100,21,0.04621,0.21,ci,ci40925311,2025-06-14T18:26:42.040Z,"5 km S of Julian, CA",earthquake,0.12,0.29,0.151,270,reviewed,ci,ci,-23906.416400628783,-47748.683184942725,34723.670522947534,0
2025-04-11T02:53:12.830Z,33.1783333,-115.6048333,1.81,2.73,ml,43,45,0.009104,0.21,ci,ci40922063,2025-06-14T18:26:40.040Z,"10 km NW of Calipatria, CA",earthquake,0.22,0.2,0.273,9,reviewed,ci,ci,-23043.701498207727,-48085.50506393029,34864.10040549351,0
2025-04-11T02:52:17.150Z,33.1721667,-115.611,3.48,3.25,ml,73,43,0.006566,0.25,ci,ci40922055,2025-06-14T18:26:40.040Z,"10 km WNW of Calipatria, CA",earthquake,0.17,0.21,0.153,254,reviewed,ci,ci,-23049.89438778107,-48085.147495786056,34857.447547562035,0
2025-04-10T12:49:27.990Z,33.1783333,-115.6096667,2.81,3.14,ml,55,43,0.005083,0.21,ci,ci40920959,2025-06-14T18:26:39.040Z,"11 km WNW of Calipatria, CA",earthquake,0.18,0.22,0.189,77,reviewed,ci,ci,-23047.396078302507,-48082.806208185655,34863.55315873599,0
2025-04-10T12:26:32.250Z,33.1818333,-115.5991667,2.69,2.51,ml,56,44,0.01448,0.23,ci,ci40920887,2025-06-14T18:26:39.040Z,"10 km SW of Niland, CA",earthquake,0.2,0.23,0.147,72,reviewed,ci,ci,-23037.70722587107,-48085.198900886106,34866.87596951251,0
2025-04-10T08:55:25.960Z,33.184,-115.6053333,2.75,2.86,ml,56,43,0.01082,0.25,ci,ci40920743,2025-06-14T18:26:39.040Z,"10 km SW of Niland, CA",earthquake,0.18,0.17,0.142,118,reviewed,ci,ci,-23042.290835398562,-48081.48477631488,34868.85942104228,0
2025-04-01T13:24:25.500Z,31.5446667,-115.682,6.63,2.69,ml,5,126,0.1759,0.07,ci,ci40914191,2025-06-06T21:12:21.040Z,"86 km ESE of Maneadero, B.C., MX",earthquake,1.17,3.18,0.172,35,reviewed,ci,ci,-23528.01977126201,-48926.94390771762,33327.2530348821,0
2025-03-29T21:20:09.330Z,33.3218333,-115.712,4.52,2.72,ml,57,38,0.04518,0.21,ci,ci40912751,2025-06-06T21:12:27.040Z,"4 km SSE of Bombay Beach, CA",earthquake,0.17,0.58,0.138,134,reviewed,ci,ci,-23094.66281318011,-47961.455886153286,34996.04950357237,0
2025-03-27T13:30:44.470Z,32.1978333,-115.0301667,15.83,3.33,ml,22,68,0.06626,0.3,ci,ci40911519,2025-06-06T21:12:25.040Z,"3 km W of Estacion Coahuila, B.C., MX",earthquake,0.43,0.54,0.182,80,reviewed,ci,ci,-22804.356566435155,-48836.95195669444,33939.07389955278,0
2025-03-22T11:20:25.262Z,31.4173,-115.8596,10.0,2.7,ml,26,180,0.07,0.61,us,us7000pluc,2025-05-29T17:36:28.040Z,"38 km ENE of San Vicente, Mexico",earthquake,2.07,1.994,0.056,42,reviewed,us,us,-23710.566301960058,-48917.7372654047,33204.728977559695,0
2025-03-20T23:29:48.020Z,33.2946667,-116.2803333,10.47,2.53,ml,97,20,0.07183,0.19,ci,ci40905655,2025-05-29T17:36:27.040Z,"10 km ENE of Borrego Springs, CA",earthquake,0.11,0.3,0.218,28,reviewed,ci,ci,-23574.404532396602,-47740.431031807086,34967.53949109215,0
2025-03-20T10:05:06.300Z,33.3041667,-116.2671667,10.46,2.96,ml,109,17,0.06806,0.2,ci,ci40904647,2025-05-29T17:36:25.040Z,"11 km ENE of Borrego Springs, CA",earthquake,0.11,0.31,0.134,226,reviewed,ci,ci,-23560.870633092913,-47740.65486607696,34976.37265612863,0
2025-03-20T08:39:05.760Z,33.3011667,-116.267,10.86,3.71944208463526,mw,117,16,0.07069,0.2,ci,ci40904495,2025-12-11T20:32:09.486Z,"11 km ENE of Borrego Springs, CA",earthquake,0.11,0.29,,10,reviewed,ci,ci,-23561.394223243202,-47742.0658078927,34973.36545703551,0
2025-03-17T09:17:24.570Z,33.4966667,-116.448,6.88,2.58,ml,105,23,0.1151,0.18,ci,ci41081624,2025-05-17T19:20:00.040Z,"22 km ESE of Anza, CA",earthquake,0.11,0.42,0.147,25,reviewed,ci,ci,-23660.286786018176,-47563.24680079943,35157.01751719017,0
2025-03-15T10:55:20.800Z,33.2748333,-116.1308333,7.95,2.79,ml,88,32,0.1216,0.2,ci,ci41080024,2025-05-17T19:19:58.040Z,"15 km N of Ocotillo Wells, CA",earthquake,0.13,0.68,0.14,26,reviewed,ci,ci,-23456.014379995646,-47814.536133648005,34950.48923737701,0
2025-03-13T19:41:09.090Z,32.4078333,-115.263,11.47,3.33,ml,34,49,0.03738,0.34,ci,ci41079048,2025-05-17T19:19:57.040Z,"9 km NW of Delta, B.C., MX",earthquake,0.36,1.07,0.199,83,reviewed,ci,ci,-22950.955596163887,-48634.3844500142,34138.73182401524,0
2025-03-10T12:04:55.910Z,33.5015,-116.4615,7.57,2.62,ml,118,28,0.1099,0.2,ci,ci41076168,2025-05-16T17:30:04.040Z,"20 km ESE of Anza, CA",earthquake,0.11,0.46,0.187,25,reviewed,ci,ci,-23669.914964432246,-47554.50036407503,35161.11785203415,0
2025-03-10T00:54:45.690Z,31.6995,-115.9586667,7.99,3.58,mw,12,60,0.3045,0.18,ci,ci41075888,2025-05-16T17:30:04.040Z,"58 km E of Maneadero, B.C., MX",earthquake,0.33,1.8,,4,reviewed,ci,ci,-23723.984921007268,-48730.56904626556,33473.127399976605,0
2025-03-08T15:19:40.537Z,31.3878,-114.1526,10.0,3.4,ml,50,110,0.617,0.92,us,us6000pxn6,2025-05-16T17:30:03.040Z,"46 km SE of Golfo de Santa Clara, Mexico",earthquake,4.82,2.003,0.038,90,reviewed,us,us,-22249.857171210464,-49617.920909887194,33176.73553020118,0
2025-03-07T17:45:28.810Z,32.6731667,-115.6323333,11.4,2.57,ml,52,46,0.08281,0.26,ci,ci41073984,2025-05-16T17:30:02.040Z,"11 km NNW of Progreso, B.C., MX",earthquake,0.27,0.4,0.222,26,reviewed,ci,ci,-23195.363299865665,-48342.428879429404,34387.44441485226,0
2025-03-04T18:23:26.050Z,32.34,-115.2146667,10.78,2.62,ml,33,38,0.08705,0.33,ci,ci41070920,2025-05-08T19:24:46.040Z,"3 km SW of Delta, B.C., MX",earthquake,0.42,0.94,0.149,24,reviewed,ci,ci,-22927.371192192884,-48690.78761422992,34075.40873312832,0
2025-03-02T16:17:23.170Z,33.1553333,-115.6543333,4.0,2.71,ml,60,41,0.03925,0.23,ci,ci41069888,2025-05-08T19:24:44.040Z,"14 km WNW of Calipatria, CA",earthquake,0.21,0.38,0.156,24,reviewed,ci,ci,-23090.499308848353,-48076.537926873614,34841.49506886804,0
2025-03-02T05:16:20.940Z,31.3945,-115.4703333,7.77,3.24,ml,11,143,0.2683,0.27,ci,ci41069696,2025-08-07T21:28:42.104Z,"97 km SSW of Alberto Oviedo Mota, B.C., MX",earthquake,0.65,31.61,0.147,37,reviewed,ci,ci,-23384.174297562728,-49091.34003127279,33184.255804945526,0
2025-02-28T19:31:51.472Z,30.8138,-105.7736,11.142,3.0,ml,21,187,0.679,0.92,us,us6000pw4w,2025-05-08T19:24:43.040Z,"48 km SSE of Porvenir, Mexico",earthquake,2.2,7.32,0.06,36,reviewed,us,us,-14871.353826993643,-52646.82814337593,32629.723141613777,2
2025-02-28T06:45:02.370Z,33.0846667,-115.5841667,12.01,2.69,ml,59,40,0.03651,0.24,ci,ci41068424,2025-05-08T19:24:42.040Z,"6 km NNE of Westmorland, CA",earthquake,0.22,0.35,0.186,25,reviewed,ci,ci,-23047.246935994208,-48137.44843563892,34771.315718816404,0
2025-02-22T16:37:20.610Z,31.6203333,-114.484,14.98,2.71,ml,12,116,0.4047,0.24,ci,ci40191618,2025-05-06T21:39:18.040Z,"80 km SE of Estacion Coahuila, B.C., MX",earthquake,0.46,31.61,0.165,48,reviewed,ci,ci,-22478.72862467455,-49361.592435065766,33394.54333410019,0
2025-02-21T15:55:12.310Z,31.636,-114.501,15.0,3.02,ml,10,113,0.3837,0.24,ci,ci40190570,2025-05-06T21:39:17.040Z,"78 km SE of Estacion Coahuila, B.C., MX",earthquake,0.41,31.61,0.2,66,reviewed,ci,ci,-22489.578797654085,-49346.59432872578,33409.36244019446,0
2025-02-21T11:58:57.120Z,31.6141667,-114.4816667,14.98,2.96,ml,12,116,0.411,0.35,ci,ci40190450,2025-05-06T21:39:17.040Z,"81 km SE of Estacion Coahuila, B.C., MX",earthquake,0.52,31.61,0.204,101,reviewed,ci,ci,-22478.207717413366,-49365.77855929944,33388.705543153796,0
2025-02-21T11:36:29.450Z,31.6243333,-114.4836667,14.98,3.61,ml,14,116,0.4016,0.27,ci,ci40190434,2025-05-06T21:39:17.040Z,"80 km SE of Estacion Coahuila, B.C., MX",earthquake,0.37,31.61,0.214,217,reviewed,ci,ci,-22477.475221844892,-49359.60133674662,33398.32984340968,0
2025-02-21T10:29:57.650Z,31.6205,-114.4846667,14.98,3.06,ml,12,116,0.4043,0.31,ci,ci40190426,2025-05-06T21:39:17.040Z,"80 km SE of Estacion Coahuila, B.C., MX",earthquake,0.56,31.61,0.198,94,reviewed,ci,ci,-22479.262731959523,-49361.24244373923,33394.70114012598,0
2025-02-21T09:45:44.900Z,31.615,-114.4806667,14.98,3.6,ml,14,116,0.4108,0.31,ci,ci40190394,2025-05-06T21:39:17.040Z,"81 km SE of Estacion Coahuila, B.C., MX",earthquake,0.63,31.61,0.187,134,reviewed,ci,ci,-22477.14489047479,-49365.72892052895,33389.49443339709,0
2025-02-18T12:56:43.370Z,31.6008333,-115.973,6.16,3.03,ml,17,80,0.2639,0.15,ci,ci40188098,2025-05-02T16:26:21.040Z,"58 km ESE of Maneadero, B.C., MX",earthquake,0.19,1.06,0.192,24,reviewed,ci,ci,-23762.066651825862,-48777.78241491205,33380.70343571688,0
2025-02-17T17:49:37.480Z,32.267,-115.0941667,12.91,2.8,ml,20,69,0.03896,0.31,ci,ci40187722,2025-05-02T16:26:20.040Z,"2 km SSE of Guadalupe Victoria, B.C., MX",earthquake,0.51,0.84,0.274,12,reviewed,ci,ci,-22842.548211919497,-48776.545594859635,34005.67401900471,0
2025-02-16T07:40:08.720Z,31.7048333,-115.072,-0.01,2.63,ml,12,117,0.2326,0.29,ci,ci40186810,2025-05-02T16:26:19.040Z,"55 km S of Estacion Coahuila, B.C., MX",earthquake,0.62,1.34,0.178,10,reviewed,ci,ci,-22968.620132011823,-49095.19650473766,33482.37661207215,0
2025-02-15T22:16:58.200Z,33.6446667,-116.7413333,13.15,3.14,ml,141,13,0.0613,0.19,ci,ci40186482,2025-05-02T16:26:19.040Z,"11 km S of Idyllwild, CA",earthquake,0.09,0.21,0.144,367,reviewed,ci,ci,-23860.190770812456,-47355.57155759949,35290.64803536498,0
2025-02-15T18:09:03.040Z,31.9186667,-115.8136667,7.87,2.51,ml,13,60,0.126,0.23,ci,ci40186370,2025-05-02T16:26:18.040Z,"70 km WSW of Alberto Oviedo Mota, B.C., MX",earthquake,0.41,1.48,0.302,8,reviewed,ci,ci,-23544.70230748667,-48674.92269509315,33680.26514764155,0
2025-02-10T21:57:37.420Z,33.2211667,-116.085,11.54,2.67,ml,95,20,0.1017,0.19,ci,ci40183738,2025-04-26T14:47:07.040Z,"10 km NNE of Ocotillo Wells, CA",earthquake,0.12,0.31,0.161,26,reviewed,ci,ci,-23430.82165816291,-47859.968159124066,34898.62247428392,0
2025-02-10T11:49:08.490Z,31.7108333,-115.047,-0.07,2.63,ml,13,120,0.238,0.38,ci,ci40183218,2025-04-26T14:47:08.040Z,"54 km S of Estacion Coahuila, B.C., MX",earthquake,0.64,1.5,0.225,37,reviewed,ci,ci,-22945.733190902833,-49102.083215671926,33488.08402429183,0
2025-02-04T04:56:48.406Z,31.4403,-115.6885,5.0,2.5,ml,47,104,0.437,0.83,us,us7000pb60,2025-04-15T20:55:31.040Z,"54 km ENE of San Vicente, Mexico",earthquake,2.56,1.965,0.052,48,reviewed,us,us,-23560.449148716856,-48980.153441614675,33229.156320114555,0
2025-02-03T03:30:15.170Z,33.2373333,-116.7906667,13.86,2.77,ml,107,14,0.02677,0.21,ci,ci40178666,2025-04-15T20:55:29.040Z,"3 km W of Lake Henshaw, CA",earthquake,0.13,0.32,0.305,26,reviewed,ci,ci,-24013.169021426464,-47557.24263715442,34912.38515482473,0
2025-02-02T09:59:22.060Z,31.6816667,-115.059,14.85,3.35,ml,18,121,0.209,0.31,ci,ci40178306,2025-04-15T20:55:28.040Z,"57 km S of Estacion Coahuila, B.C., MX",earthquake,0.52,1.32,0.192,75,reviewed,ci,ci,-22957.856334282485,-49101.2111268419,33452.653585840446,0
2025-01-31T00:08:55.410Z,31.6548333,-114.4906667,6.3,3.39,ml,10,112,0.3731,0.22,ci,ci40176210,2025-04-15T20:55:26.040Z,"77 km SE of Estacion Coahuila, B.C., MX",earthquake,0.4,4.58,0.19,134,reviewed,ci,ci,-22479.19509847954,-49347.392501831884,33431.751893740766,0
2025-01-31T00:03:01.690Z,31.6168333,-114.4765,9.98,3.41,ml,12,117,0.4112,0.39,ci,ci40176202,2025-04-15T20:55:25.040Z,"81 km SE of Estacion Coahuila, B.C., MX",earthquake,0.82,31.61,0.205,114,reviewed,ci,ci,-22474.876286078576,-49370.266222947335,33393.85118552768,0
2025-01-27T16:29:32.860Z,33.4163333,-116.9235,7.07,2.57,ml,107,17,0.06607,0.24,ci,ci40852607,2025-04-08T22:01:01.040Z,"6 km WSW of Aguanga, CA",earthquake,0.14,0.51,0.176,25,reviewed,ci,ci,-24076.421231816315,-47409.015728204875,35082.395285041006,0
2025-01-26T16:30:08.630Z,32.3795,-115.239,10.27,2.75,ml,24,79,0.06862,0.35,ci,ci40851855,2025-04-08T22:01:00.040Z,"5 km WNW of Delta, B.C., MX",earthquake,0.58,1.4,0.124,20,reviewed,ci,ci,-22938.20934375727,-48660.17491188697,34112.776663875266,0
2025-01-23T18:08:47.730Z,32.3291667,-115.3858333,14.74,4.37,ml,40,60,0.1131,0.34,ci,ci41034376,2026-01-15T18:18:52.381Z,"18 km W of Delta, B.C., MX",earthquake,0.45,0.93,0.139,183,reviewed,ci,ci,-23074.055717781088,-48624.87356235273,34063.11451182267,0
2025-01-21T13:40:17.709Z,23.3555,-108.2944,10.0,5.3,mww,224,172,3.133,0.7,us,us6000plfb,2025-03-29T22:12:45.040Z,"134 km ESE of La Rivera, Mexico",earthquake,7.69,1.922,0.04,59,reviewed,us,us,-18357.040563308146,-55524.76652262226,25252.9080377953,1
2025-01-21T07:55:23.730Z,33.6826667,-116.8023333,16.61,2.71,ml,122,17,0.06479,0.21,ci,ci40844255,2025-03-29T22:12:45.040Z,"10 km SW of Idyllwild, CA",earthquake,0.11,0.29,0.183,195,reviewed,ci,ci,-23898.736954876495,-47306.67059926327,35323.890194406966,0
2025-01-19T21:33:09.600Z,31.7058333,-115.0688333,4.15,2.96,ml,9,117,0.2335,0.25,ci,ci40843455,2025-03-29T22:12:44.040Z,"55 km S of Estacion Coahuila, B.C., MX",earthquake,0.71,2.66,0.213,66,reviewed,ci,ci,-22964.159466970494,-49092.73079231019,33481.1362942151,0
2025-01-17T13:27:02.364Z,31.4743,-115.6139,5.0,2.8,ml,20,132,0.48,0.36,us,us6000pkmi,2025-03-29T22:12:39.040Z,"62 km ENE of San Vicente, Mexico",earthquake,1.56,1.903,0.069,28,reviewed,us,us,-23488.127704341645,-48992.998573123565,33261.40364985294,0
2025-01-15T14:16:18.348Z,31.1515,-116.4678,10.0,2.5,ml,22,238,0.628,0.7,us,us6000pk5q,2025-03-29T22:12:39.040Z,"28 km SW of San Vicente, Mexico",earthquake,5.38,1.986,0.081,20,reviewed,us,us,-24296.88068802301,-48800.66590084039,32952.18652026793,0
2025-01-15T14:03:58.880Z,33.1655,-116.0405,5.54,3.02,ml,88,21,0.05324,0.2,ci,ci40840015,2025-03-29T22:12:40.040Z,"9 km ENE of Ocotillo Wells, CA",earthquake,0.12,0.41,0.142,193,reviewed,ci,ci,-23410.72212080094,-47913.10618229247,34850.11577654526,0
2025-01-14T13:10:17.130Z,33.2441667,-116.288,11.78,2.77,ml,100,22,0.05872,0.2,ci,ci40839295,2025-03-20T20:55:27.040Z,"8 km E of Borrego Springs, CA",earthquake,0.12,0.43,0.138,193,reviewed,ci,ci,-23593.947744744448,-47763.90793451709,34919.8791494135,0
